Sofa_1\SOFA_1053.jpg,1
Sofa_1\SOFA_1239.jpg,1
Sofa_1\SOFA_1301.jpg,1
Sofa_1\SOFA_20013.jpg,1
Sofa_1\SOFA_20261.jpg,1
Sofa_1\SOFA_20446.jpg,1
Sofa_1\SOFA_20632.jpg,1
Sofa_1\SOFA_20756.jpg,1
Sofa_1\SOFA_20880.jpg,1
Sofa_1\SOFA_4895.jpg,1
Sofa_1\SOFA_5143.jpg,1
Sofa_1\SOFA_5329.jpg,1
Sofa_1\SOFA_5514.jpg,1
Sofa_1\SOFA_558.jpg,1
Sofa_1\SOFA_5639.jpg,1
Sofa_1\SOFA_62.jpg,1
Sofa_1\SOFA_7931.jpg,1
Sofa_1\SOFA_805.jpg,1
Sofa_1\SOFA_8241.jpg,1
Sofa_1\SOFA_991.jpg,1
Sofa_2_Girl\SOFA_11169.jpg,1
Sofa_2_Girl\SOFA_11239.jpg,1
Sofa_2_Girl\SOFA_11520.jpg,1
Sofa_2_Girl\SOFA_11590.jpg,1
Sofa_2_Girl\SOFA_11660.jpg,1
Sofa_2_Girl\SOFA_11730.jpg,1
Sofa_2_Girl\SOFA_211.jpg,1
Sofa_2_Girl\SOFA_22837.jpg,1
Sofa_2_Girl\SOFA_22907.jpg,1
Sofa_2_Girl\SOFA_22977.jpg,1
Sofa_2_Girl\SOFA_25369.jpg,1
Sofa_2_Girl\SOFA_25439.jpg,1
Sofa_2_Girl\SOFA_281.jpg,1
Sofa_2_Girl\SOFA_3723.jpg,1
Sofa_2_Girl\SOFA_4356.jpg,1
Sofa_2_Girl\SOFA_4637.jpg,1
Sofa_2_Girl\SOFA_4707.jpg,1
Sofa_2_Girl\SOFA_5129.jpg,1
Sofa_2_Girl\SOFA_5199.jpg,1
Sofa_2_Girl\SOFA_632.jpg,1
Sofa_2_Girl\SOFA_9976.jpg,1
Sofa_2_Guy\image_117.jpg,2
Sofa_2_Guy\image_128.jpg,2
Sofa_2_Guy\image_129.jpg,2
Sofa_2_Guy\image_130.jpg,2
Sofa_2_Guy\image_15.jpg,2
Sofa_2_Guy\image_17.jpg,2
Sofa_2_Guy\image_27.jpg,2
Sofa_2_Guy\image_28.jpg,2
Sofa_2_Guy\image_61.jpg,2
Sofa_2_Guy\image_62.jpg,2
Sofa_2_Guy\image_63.jpg,2
Sofa_2_Guy\image_64.jpg,2
Sofa_2_Guy\image_65.jpg,2
Sofa_2_Guy\image_66.jpg,2
Sofa_2_Guy\image_67.jpg,2
Sofa_2_Guy\image_68.jpg,2
Sofa_2_Guy\image_69.jpg,2
Sofa_2_Guy\image_70.jpg,2
Sofa_2_Guy\image_72.jpg,2
Sofa_2_Guy\image_73.jpg,2
Sofa_3_Guy\image_259.jpg,2
Sofa_3_Guy\image_260.jpg,1
Sofa_3_Guy\image_266.jpg,2
Sofa_3_Guy\image_269.jpg,2
Sofa_3_Guy\image_270.jpg,2
Sofa_3_Guy\image_273.jpg,2
Sofa_3_Guy\image_309.jpg,2
Sofa_3_Guy\image_310.jpg,2
Sofa_3_Guy\image_311.jpg,2
Sofa_3_Guy\image_312.jpg,2
Sofa_3_Guy\image_314.jpg,2
Sofa_3_Guy\image_315.jpg,2
Sofa_3_Guy\image_352.jpg,2
Sofa_3_Guy\image_359.jpg,2
Sofa_3_Guy\image_366.jpg,2
Sofa_3_Guy\image_368.jpg,2
Sofa_3_Guy\image_370.jpg,2
Sofa_3_Guy\image_371.jpg,2
Sofa_3_Guy\image_408.jpg,2
Sofa_3_Guy\image_412.jpg,2
Sofa_3_Girl\SOFA_18120.jpg,1
Sofa_3_Girl\SOFA_18177.jpg,1
Sofa_3_Girl\SOFA_18569.jpg,1
Sofa_3_Girl\SOFA_18794.jpg,1
Sofa_3_Girl\SOFA_18850.jpg,1
Sofa_3_Girl\SOFA_2018.jpg,1
Sofa_3_Girl\SOFA_2075.jpg,1
Sofa_3_Girl\SOFA_2131.jpg,1
Sofa_3_Girl\SOFA_4878.jpg,1
Sofa_3_Girl\SOFA_4934.jpg,1
Sofa_3_Girl\SOFA_4990.jpg,1
Sofa_3_Girl\SOFA_5046.jpg,1
Sofa_3_Girl\SOFA_5271.jpg,1
Sofa_3_Girl\SOFA_5327.jpg,1
Sofa_3_Girl\SOFA_5383.jpg,1
Sofa_3_Girl\SOFA_5439.jpg,1
Sofa_3_Girl\SOFA_561.jpg,1
Sofa_3_Girl\SOFA_617.jpg,1
Sofa_3_Girl\SOFA_673.jpg,1
Sofa_3_Girl\SOFA_729.jpg,1
